,precision,recall,ndcg
popularity,0.004166666666666667,0.010277777777777778,0.009414706291824929
cf,0.0016666666666666668,0.00486111111111111,0.0033563908273541304
cbf,0.0033333333333333335,0.009583333333333333,0.006313997306793508
hybrid,0.005,0.012638888888888889,0.011400059908848154
